{
  "name": "autofleet-backend",
  "version": "1.0.0",
  "description": "AutoFleet - La gestion intelligente des chauffeurs - API Backend",
  "main": "server.js",
  "scripts": {
    "start": "node server.js",
    "dev": "nodemon server.js",
    "migrate": "node scripts/migrate.js",
    "seed": "node scripts/seed.js",
    "test": "jest --coverage",
    "lint": "eslint .",
    "format": "prettier --write ."
  },
  "keywords": [
    "fleet-management",
    "senegal",
    "autofleet",
    "drivers",
    "vehicles"
  ],
  "author": "AutoFleet Team",
  "license": "PROPRIETARY",
  "dependencies": {
    "express": "^4.18.2",
    "pg": "^8.11.3",
    "bcrypt": "^5.1.1",
    "jsonwebtoken": "^9.0.2",
    "cors": "^2.8.5",
    "dotenv": "^16.3.1",
    "helmet": "^7.1.0",
    "express-rate-limit": "^7.1.5",
    "express-validator": "^7.0.1",
    "morgan": "^1.10.0",
    "compression": "^1.7.4",
    "cookie-parser": "^1.4.6",
    "multer": "^1.4.5-lts.1",
    "nodemailer": "^6.9.7",
    "winston": "^3.11.0",
    "date-fns": "^3.0.6"
  },
  "devDependencies": {
    "nodemon": "^3.0.2",
    "jest": "^29.7.0",
    "supertest": "^6.3.3",
    "eslint": "^8.56.0",
    "prettier": "^3.1.1"
  },
  "engines": {
    "node": ">=18.0.0",
    "npm": ">=9.0.0"
  }
}